Asset ID,Coastal Flood Severity Value (maximum depth (m)),Building Replacement Cost,Total Building Loss,Total Loss Percentage
1,0.64,1119385.0,6463.0,0.0057736879
2,1.48,297561.0,8940.0,0.0300448772
3,1.31,31765.0,599.0,0.0188665896
4,1.86,35838.0,3776.0,0.1053668533
5,1.4,323354.0,3508.0,0.0108502082
6,0.0,317381.0,613.0,0.0019318826
7,0.66,268240.0,1362.0,0.0050762443
8,0.2,221542.0,922.0,0.0041622122
9,0.0,216142.0,321.0,0.0014866213
10,0.94,1263991.0,13117.0,0.0103773572
